id;nom;prenom;email;telephone;hire_date
1;West Virginia Cotton;Bangladesh;Rogers81@gmail.com;1-277-626-4611 x45057;2021-02-12T19:42:54
2;infrastructure;Grocery;Zackary_Stiedemann@gmail.com;(279) 768-3414 x542;2021-02-13T05:45:27
3;Shirt Montana Internal;Handmade Cotton Hat Generic;Lilly.Hessel30@yahoo.com;(552) 594-6372 x9183;2021-02-12T21:36:27
4;Future Idaho plug-and-play;Handcrafted;Ashleigh.Swaniawski@gmail.com;546-730-9823;2021-02-13T03:47:28
5;enterprise;Extended Tasty Rubber Gloves;Dayna70@yahoo.com;373-198-1988;2021-02-12T19:25:49
6;Small Indiana infomediaries;Operative Guarani Outdoors;Ambrose_Fahey26@yahoo.com;116-417-2922;2021-02-12T21:15:01
7;uniform Fresh;3rd generation;Aurelia.Osinski10@hotmail.com;375-500-8905;2021-02-13T12:58:35
8;Robust portals Quality;end-to-end Yuan Renminbi;Dasia.DAmore82@yahoo.com;(578) 353-0766 x890;2021-02-13T10:47:37
9;Fresh Auto Loan Account;Metal Canada;Deja41@gmail.com;1-054-813-6267 x37544;2021-02-13T09:06:35
10;Home Loan Account Valley;Serbian Dinar;Rahul.Altenwerth59@gmail.com;(267) 210-5322 x25962;2021-02-13T06:05:21
