id;address;site_internet;site_local;telephone
1;Secured productize;schemas;calculate program;67438
2;algorithm Pants;multi-byte Soft;Colombia Licensed Plastic Hat;37489
3;feed generating Liaison;Forward Sports Falkland Islands (Malvinas);Gold index;33828
4;Secured virtual District;Bike parse;Car Granite stable;26331
5;Investor;pink;Refined;87260
6;Concrete sky blue;Bolivar Fuerte backing up;Licensed European Unit of Account 17(E.U.A.-17) auxiliary;84213
7;generate Venezuela Checking Account;Small Soft Pizza;extend Fully-configurable e-services;48604
8;Monaco Exclusive Incredible Fresh Keyboard;compelling Algeria;Fantastic Plastic Computer invoice;97414
9;mobile;redundant Pataca;turn-key Licensed;71093
10;Missouri fuchsia;Moldovan Leu calculating Checking Account;Movies Democratic People's Republic of Korea synthesizing;34559
